Algorithm,AUC ROC,Avg. Precision,Time,Fold
"node2vec [dim=11, p=0.5, q=0.5, t=0",0.7684686914935971,0.7685380614619189,7.388830083000357,0
"node2vec [dim=11, p=0.5, q=0.5, t=0 + topics",0.7383966326980095,0.7072267044724736,7.549979777002591,0
"node2vec [dim=11, p=0.5, q=1.0, t=0",0.718063007678226,0.7096072720316422,6.7857649979996495,0
"node2vec [dim=11, p=0.5, q=1.0, t=0 + topics",0.6857136722941981,0.6674942209398294,8.782890455997403,0
"node2vec [dim=11, p=0.5, q=2.0, t=0",0.7090871122544984,0.6901365462843525,6.172911141999066,0
"node2vec [dim=11, p=0.5, q=2.0, t=0 + topics",0.7478166078758097,0.7281713786551223,8.666752868997719,0
"node2vec [dim=11, p=1.0, q=0.5, t=0",0.6963500614550756,0.6727833611001507,5.997762069000601,0
"node2vec [dim=11, p=1.0, q=0.5, t=0 + topics",0.7086813680068518,0.6868560840021335,7.572498974001064,0
"node2vec [dim=11, p=1.0, q=1.0, t=0",0.677884206379574,0.6674415969249122,6.928490938000323,0
"node2vec [dim=11, p=1.0, q=1.0, t=0 + topics",0.6214244529365004,0.637548155084752,7.628218030997232,0
"node2vec [dim=11, p=1.0, q=2.0, t=0",0.6725726772192077,0.6925945004890441,6.966622408999683,0
"node2vec [dim=11, p=1.0, q=2.0, t=0 + topics",0.735208407785247,0.7105681379366157,8.048821488999238,0
"node2vec [dim=11, p=2.0, q=0.5, t=0",0.6301264179523731,0.5931959703277119,6.497317550001753,0
"node2vec [dim=11, p=2.0, q=0.5, t=0 + topics",0.6580644896335774,0.623631274086375,7.442152356001316,0
"node2vec [dim=11, p=2.0, q=1.0, t=0",0.654907751236009,0.6226741354051684,7.375284470999759,0
"node2vec [dim=11, p=2.0, q=1.0, t=0 + topics",0.6797300517542009,0.6716054736335209,7.85623621799823,0
"node2vec [dim=11, p=2.0, q=2.0, t=0",0.6661256191026709,0.6430071569944268,7.000251899000432,0
"node2vec [dim=11, p=2.0, q=2.0, t=0 + topics",0.5941115271537549,0.5794584345259076,7.858680936999008,0
"node2vec [dim=128, p=0.5, q=0.5, t=0",0.7402484368249698,0.7283013305165065,7.392902961997606,0
"node2vec [dim=128, p=0.5, q=0.5, t=0 + topics",0.6582455330346342,0.6289698152877015,9.571248044998356,0
"node2vec [dim=128, p=0.5, q=1.0, t=0",0.7405388951352901,0.7569336413712787,8.068732881998585,0
"node2vec [dim=128, p=0.5, q=1.0, t=0 + topics",0.7059705255806703,0.7058082356335486,10.767745752000337,0
"node2vec [dim=128, p=0.5, q=2.0, t=0",0.7724280907255587,0.7877721059499875,7.704865708001307,0
"node2vec [dim=128, p=0.5, q=2.0, t=0 + topics",0.7540098114463616,0.760519028715904,10.978024072999688,0
"node2vec [dim=128, p=1.0, q=0.5, t=0",0.628190889131363,0.626604293341884,6.486235259002569,0
"node2vec [dim=128, p=1.0, q=0.5, t=0 + topics",0.6797356920999212,0.648663648767561,8.372499581000739,0
"node2vec [dim=128, p=1.0, q=1.0, t=0",0.7111295282261485,0.7228716987175706,8.469873279002059,0
"node2vec [dim=128, p=1.0, q=1.0, t=0 + topics",0.752352401054885,0.7139712900442879,8.802230557997973,0
"node2vec [dim=128, p=1.0, q=2.0, t=0",0.7247812507578402,0.7305811021218362,8.139454468997428,0
"node2vec [dim=128, p=1.0, q=2.0, t=0 + topics",0.7129923141322189,0.7063270598040354,11.079781143002037,0
"node2vec [dim=128, p=2.0, q=0.5, t=0",0.6354055736076943,0.6160558072892722,6.962917937999009,0
"node2vec [dim=128, p=2.0, q=0.5, t=0 + topics",0.7279472099510047,0.6750736294594585,8.387534050001705,0
"node2vec [dim=128, p=2.0, q=1.0, t=0",0.7152085378770918,0.7255104502431226,7.3381457760006015,0
"node2vec [dim=128, p=2.0, q=1.0, t=0 + topics",0.7132026379455064,0.6924813313310373,11.466012513999885,0
"node2vec [dim=128, p=2.0, q=2.0, t=0",0.6980147757043745,0.722612560802107,9.174151068000356,0
"node2vec [dim=128, p=2.0, q=2.0, t=0 + topics",0.651368677974962,0.64068048564652,11.285827548999805,0
Our model,0.8247195896926607,0.7733314567993084,8.103490744000737,0
Barbera model,0.8180534970676311,0.8034250104867805,6.43822371799979,0
Original information,0.8124464995663562,0.7988403724031379,8.223075619000156,0
Original inf. + Topics,0.8135516661776201,0.7920703002823213,10.071257571999013,0
"node2vec [dim=11, p=0.5, q=0.5, t=0",0.7805711260723568,0.7246915894178416,7.187327978001122,1
"node2vec [dim=11, p=0.5, q=0.5, t=0 + topics",0.6702419249143845,0.647455071990705,8.48741416300254,1
"node2vec [dim=11, p=0.5, q=1.0, t=0",0.7392632881957388,0.7307638923660577,7.793495971000084,1
"node2vec [dim=11, p=0.5, q=1.0, t=0 + topics",0.6861828565971391,0.667596714068744,8.621296852998057,1
"node2vec [dim=11, p=0.5, q=2.0, t=0",0.6646783776204855,0.6500772466682753,7.409322505998716,1
"node2vec [dim=11, p=0.5, q=2.0, t=0 + topics",0.748436726129359,0.7519946728227481,8.578765577000013,1
"node2vec [dim=11, p=1.0, q=0.5, t=0",0.7053661021155173,0.6867834139942385,6.863538980000158,1
"node2vec [dim=11, p=1.0, q=0.5, t=0 + topics",0.6751402896337809,0.6564504451064506,8.51651064500038,1
"node2vec [dim=11, p=1.0, q=1.0, t=0",0.6240798367663412,0.6085042517963739,7.229840975000116,1
"node2vec [dim=11, p=1.0, q=1.0, t=0 + topics",0.6429173534454411,0.6057430776317672,8.523941102001118,1
"node2vec [dim=11, p=1.0, q=2.0, t=0",0.6707457817504584,0.6758675054122895,7.24434650799958,1
"node2vec [dim=11, p=1.0, q=2.0, t=0 + topics",0.7190204065746039,0.6968950422577515,8.482922821000102,1
"node2vec [dim=11, p=2.0, q=0.5, t=0",0.6100682876744873,0.5977976360737659,7.08637390000149,1
"node2vec [dim=11, p=2.0, q=0.5, t=0 + topics",0.7091763191707645,0.6757222188328488,8.922475428000325,1
"node2vec [dim=11, p=2.0, q=1.0, t=0",0.6895480186420098,0.6836206799340238,7.820785743002489,1
"node2vec [dim=11, p=2.0, q=1.0, t=0 + topics",0.6096808574069983,0.5797512038651031,8.216555908998998,1
"node2vec [dim=11, p=2.0, q=2.0, t=0",0.5577011355618676,0.568537738607682,7.373615568998503,1
"node2vec [dim=11, p=2.0, q=2.0, t=0 + topics",0.6740970934542674,0.6587530414993571,8.433320814998297,1
"node2vec [dim=128, p=0.5, q=0.5, t=0",0.7069988925350991,0.6874059724987809,9.61433454500002,1
"node2vec [dim=128, p=0.5, q=0.5, t=0 + topics",0.7110500519021586,0.7030382826990687,13.438522222000756,1
"node2vec [dim=128, p=0.5, q=1.0, t=0",0.7073510430150396,0.7069298489356255,10.935895539001649,1
"node2vec [dim=128, p=0.5, q=1.0, t=0 + topics",0.7170693329632585,0.7290392011196226,13.906830588999583,1
"node2vec [dim=128, p=0.5, q=2.0, t=0",0.741951732254571,0.7601266439125502,11.861605319001683,1
"node2vec [dim=128, p=0.5, q=2.0, t=0 + topics",0.7058672516611286,0.6932226271654673,14.707805400001234,1
"node2vec [dim=128, p=1.0, q=0.5, t=0",0.6815094650994358,0.6565454969387793,9.936799483002687,1
"node2vec [dim=128, p=1.0, q=0.5, t=0 + topics",0.6874876855885212,0.6817119280853251,13.357943901999533,1
"node2vec [dim=128, p=1.0, q=1.0, t=0",0.7041568784056847,0.7336825259653076,10.996628712000529,1
"node2vec [dim=128, p=1.0, q=1.0, t=0 + topics",0.672686124290188,0.6601064291282062,14.036182997999276,1
"node2vec [dim=128, p=1.0, q=2.0, t=0",0.6730465208891458,0.703155391703585,14.120108896997408,1
"node2vec [dim=128, p=1.0, q=2.0, t=0 + topics",0.6425970626735518,0.63315782445986,14.098573867999221,1
"node2vec [dim=128, p=2.0, q=0.5, t=0",0.6402613772541119,0.6141069272578366,8.839677441999811,1
"node2vec [dim=128, p=2.0, q=0.5, t=0 + topics",0.7032187237882459,0.6575532497454765,14.750291172997095,1
"node2vec [dim=128, p=2.0, q=1.0, t=0",0.6833964203943931,0.7218858736998847,11.315900243000215,1
"node2vec [dim=128, p=2.0, q=1.0, t=0 + topics",0.6880867749632551,0.6964167544299886,14.112021455002832,1
"node2vec [dim=128, p=2.0, q=2.0, t=0",0.6870181668737483,0.714951555284416,12.421827952999593,1
"node2vec [dim=128, p=2.0, q=2.0, t=0 + topics",0.6515296367675469,0.6649495584543392,14.045621262001077,1
Our model,0.8670712437610198,0.8371374467107449,7.218123933998868,1
Barbera model,0.8486173972237665,0.8067592594614861,6.522169390998897,1
Original information,0.8468854964316016,0.8044710486555189,9.459978433002107,1
Original inf. + Topics,0.8474621852665304,0.8037520840754311,10.08673192599963,1
"node2vec [dim=11, p=0.5, q=0.5, t=0",0.6801155994845282,0.6801197623284411,7.764297702000476,2
"node2vec [dim=11, p=0.5, q=0.5, t=0 + topics",0.7016050777889236,0.6946127335648318,8.858283071000187,2
"node2vec [dim=11, p=0.5, q=1.0, t=0",0.6450911837988398,0.6745697966039192,7.1911966359984945,2
"node2vec [dim=11, p=0.5, q=1.0, t=0 + topics",0.65702002035648,0.636882551199678,8.429695214003004,2
"node2vec [dim=11, p=0.5, q=2.0, t=0",0.6621928209232235,0.6717463441094808,8.398753911998938,2
"node2vec [dim=11, p=0.5, q=2.0, t=0 + topics",0.6577237230121877,0.6367073516061115,8.450538660999882,2
"node2vec [dim=11, p=1.0, q=0.5, t=0",0.6947474294787317,0.6656385876488846,7.657933173999481,2
"node2vec [dim=11, p=1.0, q=0.5, t=0 + topics",0.6422989009613074,0.6162223554111395,8.024637536000228,2
"node2vec [dim=11, p=1.0, q=1.0, t=0",0.6003011881764857,0.6189551243704282,7.461869014001422,2
"node2vec [dim=11, p=1.0, q=1.0, t=0 + topics",0.6144759363185215,0.6217177043956312,8.765318230998673,2
"node2vec [dim=11, p=1.0, q=2.0, t=0",0.6581477951136371,0.6720074349519328,6.970569624998461,2
"node2vec [dim=11, p=1.0, q=2.0, t=0 + topics",0.658839894669975,0.6536824501853101,8.74015462099851,2
"node2vec [dim=11, p=2.0, q=0.5, t=0",0.6845411419786325,0.6544133024829945,7.213469374997658,2
"node2vec [dim=11, p=2.0, q=0.5, t=0 + topics",0.6538450900429176,0.6311193275829997,8.09627428299791,2
"node2vec [dim=11, p=2.0, q=1.0, t=0",0.6247609548132185,0.6399935709152246,7.894574121000915,2
"node2vec [dim=11, p=2.0, q=1.0, t=0 + topics",0.5800112340169774,0.586428504297486,9.149966552002297,2
"node2vec [dim=11, p=2.0, q=2.0, t=0",0.6419892800738991,0.6375813851841736,7.284345313000813,2
"node2vec [dim=11, p=2.0, q=2.0, t=0 + topics",0.6592739327604246,0.6554853527903588,8.69874013899971,2
"node2vec [dim=128, p=0.5, q=0.5, t=0",0.6765589166910715,0.6991437148547187,10.938079122999625,2
"node2vec [dim=128, p=0.5, q=0.5, t=0 + topics",0.6630135323797945,0.6804197822740721,15.397855974999402,2
"node2vec [dim=128, p=0.5, q=1.0, t=0",0.6522424258770252,0.6954169516204631,10.114114132000395,2
"node2vec [dim=128, p=0.5, q=1.0, t=0 + topics",0.6627286178447909,0.6804067074530362,14.064012262999313,2
"node2vec [dim=128, p=0.5, q=2.0, t=0",0.6660496363710326,0.690043227901758,10.015948869000567,2
"node2vec [dim=128, p=0.5, q=2.0, t=0 + topics",0.6935460166053442,0.7135712743040427,13.907213571001193,2
"node2vec [dim=128, p=1.0, q=0.5, t=0",0.6786178728193037,0.7017484371015427,8.172745201998623,2
"node2vec [dim=128, p=1.0, q=0.5, t=0 + topics",0.6931088762862958,0.6692847041951265,14.080303597998864,2
"node2vec [dim=128, p=1.0, q=1.0, t=0",0.6324225421612932,0.6637783637333109,10.589352471000893,2
"node2vec [dim=128, p=1.0, q=1.0, t=0 + topics",0.6514711717158187,0.6698538384543725,14.265168914997048,2
"node2vec [dim=128, p=1.0, q=2.0, t=0",0.639300418658171,0.672340342802263,12.505692031998478,2
"node2vec [dim=128, p=1.0, q=2.0, t=0 + topics",0.7230216218708467,0.7234391854055328,14.701645234999887,2
"node2vec [dim=128, p=2.0, q=0.5, t=0",0.6735691518414008,0.6647107356599338,11.248966594001104,2
"node2vec [dim=128, p=2.0, q=0.5, t=0 + topics",0.6614955233822104,0.6419805111812392,15.045984126001713,2
"node2vec [dim=128, p=2.0, q=1.0, t=0",0.6542521667729047,0.6760555905699013,8.64532431799671,2
"node2vec [dim=128, p=2.0, q=1.0, t=0 + topics",0.6434969918383614,0.6344381631168433,13.648009323002043,2
"node2vec [dim=128, p=2.0, q=2.0, t=0",0.6258390779875936,0.6239450458732231,11.86340409100012,2
"node2vec [dim=128, p=2.0, q=2.0, t=0 + topics",0.6281954499313744,0.6484289294795226,14.22970316899955,2
Our model,0.8421918447722778,0.7977227271110434,7.070026260000304,2
Barbera model,0.8310121263504202,0.8068014326056454,6.532100766002259,2
Original information,0.8280009325541231,0.7930493865943645,8.646889257001021,2
Original inf. + Topics,0.8288353524212589,0.7882731907484817,10.775748178999493,2
"node2vec [dim=11, p=0.5, q=0.5, t=0",0.6581955024429176,0.667545006565582,7.280140188999212,3
"node2vec [dim=11, p=0.5, q=0.5, t=0 + topics",0.620843137871465,0.6040571854968831,8.863279269000486,3
"node2vec [dim=11, p=0.5, q=1.0, t=0",0.6212639688286592,0.6180030969878108,7.292972356000973,3
"node2vec [dim=11, p=0.5, q=1.0, t=0 + topics",0.5995680667580319,0.5934942741634287,8.431547912998212,3
"node2vec [dim=11, p=0.5, q=2.0, t=0",0.6367859909429734,0.6361194158429953,7.5528824950015405,3
"node2vec [dim=11, p=0.5, q=2.0, t=0 + topics",0.6160748052704189,0.6164039443579294,8.499705823000113,3
"node2vec [dim=11, p=1.0, q=0.5, t=0",0.5895866372812719,0.5988647533287107,6.73997607199999,3
"node2vec [dim=11, p=1.0, q=0.5, t=0 + topics",0.5931302118548569,0.5753501029085488,8.038454812001874,3
"node2vec [dim=11, p=1.0, q=1.0, t=0",0.6191911846519056,0.6272913937753761,6.7033578640002816,3
"node2vec [dim=11, p=1.0, q=1.0, t=0 + topics",0.6277842386470823,0.61591114301002,8.652323821999744,3
"node2vec [dim=11, p=1.0, q=2.0, t=0",0.6053537965628413,0.6163736202724605,7.364858536999236,3
"node2vec [dim=11, p=1.0, q=2.0, t=0 + topics",0.5484063706803592,0.5574555658922402,8.929361821999919,3
"node2vec [dim=11, p=2.0, q=0.5, t=0",0.594408563439405,0.5803349175999132,6.946246688999963,3
"node2vec [dim=11, p=2.0, q=0.5, t=0 + topics",0.5645430883661953,0.5695373847214347,8.274740593002207,3
"node2vec [dim=11, p=2.0, q=1.0, t=0",0.5679919967982355,0.5844074043934872,7.2056367580007645,3
"node2vec [dim=11, p=2.0, q=1.0, t=0 + topics",0.5748741594822844,0.6032153262778106,8.815415721001045,3
"node2vec [dim=11, p=2.0, q=2.0, t=0",0.5458433922037216,0.5622416055867594,7.745883060997585,3
"node2vec [dim=11, p=2.0, q=2.0, t=0 + topics",0.6076967746733354,0.6163191995602753,8.811841404000006,3
"node2vec [dim=128, p=0.5, q=0.5, t=0",0.5880889819282527,0.6142617562158672,11.364478250998218,3
"node2vec [dim=128, p=0.5, q=0.5, t=0 + topics",0.6069053152192802,0.6132895905769913,13.564035911000246,3
"node2vec [dim=128, p=0.5, q=1.0, t=0",0.6334293861488827,0.6478373396445906,9.52446107400101,3
"node2vec [dim=128, p=0.5, q=1.0, t=0 + topics",0.6150623909631967,0.6157660209244609,14.266803875998448,3
"node2vec [dim=128, p=0.5, q=2.0, t=0",0.5781952437235779,0.5914524553271133,9.436408559999109,3
"node2vec [dim=128, p=0.5, q=2.0, t=0 + topics",0.6212818817636967,0.6290297091064511,14.063890720997733,3
"node2vec [dim=128, p=1.0, q=0.5, t=0",0.5987409444673996,0.6139215211326142,7.32592462699904,3
"node2vec [dim=128, p=1.0, q=0.5, t=0 + topics",0.6270997113820953,0.6042584185807653,14.750430902000517,3
"node2vec [dim=128, p=1.0, q=1.0, t=0",0.6218806741585716,0.6276236437444356,10.582636492999882,3
"node2vec [dim=128, p=1.0, q=1.0, t=0 + topics",0.6338242681017219,0.6391168444936873,14.369015431999287,3
"node2vec [dim=128, p=1.0, q=2.0, t=0",0.600374658684926,0.6232090173841046,9.841959716999554,3
"node2vec [dim=128, p=1.0, q=2.0, t=0 + topics",0.6317931967864355,0.6425552535767459,13.986679965000803,3
"node2vec [dim=128, p=2.0, q=0.5, t=0",0.5960178700601918,0.6123391718563768,8.953830581998773,3
"node2vec [dim=128, p=2.0, q=0.5, t=0 + topics",0.623431558466492,0.613375231551274,13.570367633998103,3
"node2vec [dim=128, p=2.0, q=1.0, t=0",0.62074070244269,0.6297934989873899,9.904657552000572,3
"node2vec [dim=128, p=2.0, q=1.0, t=0 + topics",0.6165657020964661,0.6354856389931922,14.126396683001076,3
"node2vec [dim=128, p=2.0, q=2.0, t=0",0.6097260881910913,0.6318076404425099,9.645315084002505,3
"node2vec [dim=128, p=2.0, q=2.0, t=0 + topics",0.6120709278477054,0.6149034279431091,14.023516091998317,3
Our model,0.8065729586878096,0.7479942313834054,7.052858848997857,3
Barbera model,0.8031123325936473,0.7842418157819342,6.409289106999495,3
Original information,0.8013425772970862,0.7787550482726099,8.787458704002347,3
Original inf. + Topics,0.8019875229930589,0.7748143584239843,10.102913644997898,3
"node2vec [dim=11, p=0.5, q=0.5, t=0",0.5706288550075314,0.5624553646176533,7.545813525000995,4
"node2vec [dim=11, p=0.5, q=0.5, t=0 + topics",0.6075348863909671,0.6273061739004516,8.053918993999105,4
"node2vec [dim=11, p=0.5, q=1.0, t=0",0.6275172489560559,0.641812114807248,7.268141741998988,4
"node2vec [dim=11, p=0.5, q=1.0, t=0 + topics",0.6299659934305716,0.6180026194853647,8.707548889000464,4
"node2vec [dim=11, p=0.5, q=2.0, t=0",0.6118726320994246,0.6169085863609367,6.750986200997431,4
"node2vec [dim=11, p=0.5, q=2.0, t=0 + topics",0.5842253123631576,0.5711978240980424,8.509443229999306,4
"node2vec [dim=11, p=1.0, q=0.5, t=0",0.5592607774073423,0.5949770076479934,6.761549107999599,4
"node2vec [dim=11, p=1.0, q=0.5, t=0 + topics",0.5395905326819237,0.5436879541137442,8.145768287002284,4
"node2vec [dim=11, p=1.0, q=1.0, t=0",0.5514805505356908,0.55007770753871,7.379356622001069,4
"node2vec [dim=11, p=1.0, q=1.0, t=0 + topics",0.5608799770716173,0.5678428356148014,8.304863179000677,4
"node2vec [dim=11, p=1.0, q=2.0, t=0",0.5868088671306166,0.5735638648793051,7.09670155799904,4
"node2vec [dim=11, p=1.0, q=2.0, t=0 + topics",0.5914701835585567,0.5837651727275268,8.392550534001202,4
"node2vec [dim=11, p=2.0, q=0.5, t=0",0.5327746891921719,0.5609901290914738,6.1443591579991335,4
"node2vec [dim=11, p=2.0, q=0.5, t=0 + topics",0.5467954121177407,0.5659287803269453,9.310989726996922,4
"node2vec [dim=11, p=2.0, q=1.0, t=0",0.5579693563354291,0.552936967628575,7.624868572998821,4
"node2vec [dim=11, p=2.0, q=1.0, t=0 + topics",0.5380037630486831,0.5353441404764072,8.30070121099925,4
"node2vec [dim=11, p=2.0, q=2.0, t=0",0.5776860912692718,0.6196842876469681,7.501864978003141,4
"node2vec [dim=11, p=2.0, q=2.0, t=0 + topics",0.5669419722170104,0.5678250664733764,9.082474293001724,4
"node2vec [dim=128, p=0.5, q=0.5, t=0",0.581215670876472,0.6241100084367892,7.518448220998835,4
"node2vec [dim=128, p=0.5, q=0.5, t=0 + topics",0.5922852496664173,0.6189189878555534,13.75361533099931,4
"node2vec [dim=128, p=0.5, q=1.0, t=0",0.619499452594763,0.6333623512139881,13.545285533000424,4
"node2vec [dim=128, p=0.5, q=1.0, t=0 + topics",0.5774805106627018,0.6011976842297644,14.240110889000789,4
"node2vec [dim=128, p=0.5, q=2.0, t=0",0.6356904085807803,0.6607951995387322,11.04535726100221,4
"node2vec [dim=128, p=0.5, q=2.0, t=0 + topics",0.6077518406969459,0.6217266371251413,14.320027713001764,4
"node2vec [dim=128, p=1.0, q=0.5, t=0",0.5664331928776662,0.5901690855970712,10.029397764999885,4
"node2vec [dim=128, p=1.0, q=0.5, t=0 + topics",0.5403450427482275,0.562673264335612,12.054243429000053,4
"node2vec [dim=128, p=1.0, q=1.0, t=0",0.5896670421608785,0.6109334976665937,10.286846009999863,4
"node2vec [dim=128, p=1.0, q=1.0, t=0 + topics",0.563051957756689,0.5802041277434442,13.824938691999705,4
"node2vec [dim=128, p=1.0, q=2.0, t=0",0.5707152351721615,0.6003640202057119,13.63947797199944,4
"node2vec [dim=128, p=1.0, q=2.0, t=0 + topics",0.5627531478805738,0.5647006469990755,14.135996531000274,4
"node2vec [dim=128, p=2.0, q=0.5, t=0",0.5389800970157896,0.5726598468310753,9.400568864999514,4
"node2vec [dim=128, p=2.0, q=0.5, t=0 + topics",0.5564654885848015,0.573239963815954,12.427710359002958,4
"node2vec [dim=128, p=2.0, q=1.0, t=0",0.5752168616931852,0.6125470454537872,10.27420345399878,4
"node2vec [dim=128, p=2.0, q=1.0, t=0 + topics",0.5737225804271415,0.5899257322681941,14.029022159000306,4
"node2vec [dim=128, p=2.0, q=2.0, t=0",0.5552870522931422,0.5939502427382686,10.272454683999968,4
"node2vec [dim=128, p=2.0, q=2.0, t=0 + topics",0.5730231346758277,0.5912494437904371,14.195656870000676,4
Our model,0.7998929311270468,0.76501454578548,6.944529926000541,4
Barbera model,0.7910922639755888,0.7773153852324097,6.521492293999472,4
Original information,0.786814254225936,0.7643011174668689,9.44832180999947,4
Original inf. + Topics,0.787112603158987,0.7603259739471638,9.90263979899828,4
"node2vec [dim=11, p=0.5, q=0.5, t=0",0.6013022083602256,0.6207903015911901,7.080777497001691,5
"node2vec [dim=11, p=0.5, q=0.5, t=0 + topics",0.6127629992371155,0.6067196096250903,8.071260643999267,5
"node2vec [dim=11, p=0.5, q=1.0, t=0",0.6334032855423721,0.6456612336274388,7.013922619000368,5
"node2vec [dim=11, p=0.5, q=1.0, t=0 + topics",0.6305284646667035,0.6267232095090622,8.359500800001115,5
"node2vec [dim=11, p=0.5, q=2.0, t=0",0.6289566957959929,0.635210396569561,7.6604928849992575,5
"node2vec [dim=11, p=0.5, q=2.0, t=0 + topics",0.6353373410907712,0.662576264207804,8.99632293600007,5
"node2vec [dim=11, p=1.0, q=0.5, t=0",0.5475908189561098,0.5524205560044364,6.97126418499829,5
"node2vec [dim=11, p=1.0, q=0.5, t=0 + topics",0.5887789216965535,0.5861347960085871,8.143431287000567,5
"node2vec [dim=11, p=1.0, q=1.0, t=0",0.5404864546297341,0.572817170608034,6.470062027001404,5
"node2vec [dim=11, p=1.0, q=1.0, t=0 + topics",0.5593772246624586,0.5710979251079731,8.21573356099907,5
"node2vec [dim=11, p=1.0, q=2.0, t=0",0.6101135062582554,0.5913450183586604,7.1268608440004755,5
"node2vec [dim=11, p=1.0, q=2.0, t=0 + topics",0.5504188976419996,0.5445919743320646,8.594815377000486,5
"node2vec [dim=11, p=2.0, q=0.5, t=0",0.6018461242734077,0.6208303480797337,6.749999143998139,5
"node2vec [dim=11, p=2.0, q=0.5, t=0 + topics",0.5881894115911714,0.5663057420312253,8.224798500999896,5
"node2vec [dim=11, p=2.0, q=1.0, t=0",0.584542324735143,0.6253116063364659,6.714314943001227,5
"node2vec [dim=11, p=2.0, q=1.0, t=0 + topics",0.555787446913455,0.5654609587884125,8.269558734002203,5
"node2vec [dim=11, p=2.0, q=2.0, t=0",0.5761242827518036,0.6086950685090365,7.146684412000468,5
"node2vec [dim=11, p=2.0, q=2.0, t=0 + topics",0.5256846971255342,0.5526668384019282,8.647383809999155,5
"node2vec [dim=128, p=0.5, q=0.5, t=0",0.6041556391042682,0.6386542007586427,8.905566280998755,5
"node2vec [dim=128, p=0.5, q=0.5, t=0 + topics",0.6145289986190657,0.6257022802632163,15.054858468996827,5
"node2vec [dim=128, p=0.5, q=1.0, t=0",0.5952853020935605,0.6120154963652304,8.226550840998243,5
"node2vec [dim=128, p=0.5, q=1.0, t=0 + topics",0.5681083816504601,0.5787778905816928,14.275720116998855,5
"node2vec [dim=128, p=0.5, q=2.0, t=0",0.6342856738578926,0.6329073100558064,11.11441015300079,5
"node2vec [dim=128, p=0.5, q=2.0, t=0 + topics",0.6062018353277566,0.6166264869378656,14.206001049999031,5
"node2vec [dim=128, p=1.0, q=0.5, t=0",0.5684952354763289,0.5640475667423747,9.731871257998137,5
"node2vec [dim=128, p=1.0, q=0.5, t=0 + topics",0.6047066832814844,0.599887325474187,12.577171503999125,5
"node2vec [dim=128, p=1.0, q=1.0, t=0",0.5513982250088603,0.5858184749335571,11.651417043001857,5
"node2vec [dim=128, p=1.0, q=1.0, t=0 + topics",0.5427191230366405,0.5628477842510758,13.48907117699855,5
"node2vec [dim=128, p=1.0, q=2.0, t=0",0.6112405088299034,0.6340736040026722,12.826492071999382,5
"node2vec [dim=128, p=1.0, q=2.0, t=0 + topics",0.589965646839903,0.5947739268040714,13.918345426998712,5
"node2vec [dim=128, p=2.0, q=0.5, t=0",0.5928742669000928,0.6276613511220651,9.788157860002684,5
"node2vec [dim=128, p=2.0, q=0.5, t=0 + topics",0.5932622847421111,0.6083515122722667,14.870919600001798,5
"node2vec [dim=128, p=2.0, q=1.0, t=0",0.5947753348715611,0.6068434349715226,10.215788176999922,5
"node2vec [dim=128, p=2.0, q=1.0, t=0 + topics",0.5740857754423295,0.6082207155145991,14.228669869000441,5
"node2vec [dim=128, p=2.0, q=2.0, t=0",0.5867568334222142,0.6222868734568878,10.9352233790014,5
"node2vec [dim=128, p=2.0, q=2.0, t=0 + topics",0.5978979630384826,0.5960003203908655,14.222817377001775,5
Our model,0.7897095739660847,0.7478051777550472,7.0451992790003715,5
Barbera model,0.7723649991556878,0.7555155671047598,6.516692730001523,5
Original information,0.771456254951574,0.7542491176902298,9.267570711999724,5
Original inf. + Topics,0.771955374931337,0.7516652942899031,10.011307821998344,5
"node2vec [dim=11, p=0.5, q=0.5, t=0",0.6366464555728778,0.6473198998783751,7.339591943000414,6
"node2vec [dim=11, p=0.5, q=0.5, t=0 + topics",0.6366628086749245,0.6230993666495412,8.867166076997819,6
"node2vec [dim=11, p=0.5, q=1.0, t=0",0.6405480820164446,0.6517056093827875,6.807112116999633,6
"node2vec [dim=11, p=0.5, q=1.0, t=0 + topics",0.639843664004629,0.6341497213598979,8.43125751199841,6
"node2vec [dim=11, p=0.5, q=2.0, t=0",0.6163294182241937,0.6414756191153268,8.115969376998692,6
"node2vec [dim=11, p=0.5, q=2.0, t=0 + topics",0.6358766817869949,0.6429176056242882,8.5196167590002,6
"node2vec [dim=11, p=1.0, q=0.5, t=0",0.5648148191148128,0.5748776135832208,6.983690613997169,6
"node2vec [dim=11, p=1.0, q=0.5, t=0 + topics",0.6132381269229974,0.6061721867150669,8.577778849001334,6
"node2vec [dim=11, p=1.0, q=1.0, t=0",0.6180524263631283,0.6188597680145795,8.562260048998724,6
"node2vec [dim=11, p=1.0, q=1.0, t=0 + topics",0.5971821104777176,0.6087417057298319,8.959415618999628,6
"node2vec [dim=11, p=1.0, q=2.0, t=0",0.5812885008656298,0.5951719105150596,7.420471907000319,6
"node2vec [dim=11, p=1.0, q=2.0, t=0 + topics",0.6243154492373548,0.6394697428317299,8.449242624999897,6
"node2vec [dim=11, p=2.0, q=0.5, t=0",0.5943379987916997,0.5750091862216375,7.027936651000346,6
"node2vec [dim=11, p=2.0, q=0.5, t=0 + topics",0.5923347848507173,0.5787373973556879,8.872823599002004,6
"node2vec [dim=11, p=2.0, q=1.0, t=0",0.5903421388364601,0.5935432013311476,7.225458595999953,6
"node2vec [dim=11, p=2.0, q=1.0, t=0 + topics",0.6080099311779913,0.6157280630391567,8.415666018001502,6
"node2vec [dim=11, p=2.0, q=2.0, t=0",0.62253925882837,0.6055964287369394,7.470208606999222,6
"node2vec [dim=11, p=2.0, q=2.0, t=0 + topics",0.5890784588931777,0.6075064592655589,9.263553633998526,6
"node2vec [dim=128, p=0.5, q=0.5, t=0",0.629302080640145,0.6246512830126404,9.43221048900159,6
"node2vec [dim=128, p=0.5, q=0.5, t=0 + topics",0.6530657600737204,0.6607062713872207,14.198109265998937,6
"node2vec [dim=128, p=0.5, q=1.0, t=0",0.6419383760293054,0.6606734312467533,11.762977604998014,6
"node2vec [dim=128, p=0.5, q=1.0, t=0 + topics",0.6401523482737388,0.6638373767407261,13.87565181500031,6
"node2vec [dim=128, p=0.5, q=2.0, t=0",0.6408580575434824,0.6796021525442362,13.897812004997832,6
"node2vec [dim=128, p=0.5, q=2.0, t=0 + topics",0.6455686315934885,0.6462920307611495,15.315543282998988,6
"node2vec [dim=128, p=1.0, q=0.5, t=0",0.6533735976627415,0.6477176349140489,8.449516693999612,6
"node2vec [dim=128, p=1.0, q=0.5, t=0 + topics",0.6035662709021528,0.601323099643491,13.811939393999637,6
"node2vec [dim=128, p=1.0, q=1.0, t=0",0.6353651482598567,0.6531961844824962,10.650886375002301,6
"node2vec [dim=128, p=1.0, q=1.0, t=0 + topics",0.6576021077497654,0.6561308285097119,14.51828230799947,6
"node2vec [dim=128, p=1.0, q=2.0, t=0",0.6386050050154044,0.651644740743242,12.16896995100251,6
"node2vec [dim=128, p=1.0, q=2.0, t=0 + topics",0.620277832945703,0.6436829712202857,14.049044530998799,6
"node2vec [dim=128, p=2.0, q=0.5, t=0",0.6727433387458183,0.6704394389267457,8.826923759999772,6
"node2vec [dim=128, p=2.0, q=0.5, t=0 + topics",0.6399706490276907,0.6328805769678646,14.602120436000405,6
"node2vec [dim=128, p=2.0, q=1.0, t=0",0.6159577964579255,0.6448863818618858,10.25877963899984,6
"node2vec [dim=128, p=2.0, q=1.0, t=0 + topics",0.6675884133930994,0.681544702468144,14.846879271000944,6
"node2vec [dim=128, p=2.0, q=2.0, t=0",0.6328339655702158,0.6639587084570656,13.15826393200041,6
"node2vec [dim=128, p=2.0, q=2.0, t=0 + topics",0.6430415378872859,0.6623371918639352,14.025697171000502,6
Our model,0.8197654227223925,0.7714889355316171,7.2178872210024565,6
Barbera model,0.8169449869300912,0.7883011080963711,6.4491029040000285,6
Original information,0.8167552173219941,0.787338583376688,10.495640488999925,6
Original inf. + Topics,0.81704300076925,0.7823880815054,9.955437157997949,6
"node2vec [dim=11, p=0.5, q=0.5, t=0",0.6345550930760815,0.6502816864316495,7.102520465999987,7
"node2vec [dim=11, p=0.5, q=0.5, t=0 + topics",0.6396669535583468,0.6461370133395841,8.329733567999938,7
"node2vec [dim=11, p=0.5, q=1.0, t=0",0.6595162572898228,0.68437083387291,7.491174386999774,7
"node2vec [dim=11, p=0.5, q=1.0, t=0 + topics",0.6292846408585061,0.6398004961794137,8.43391283100209,7
"node2vec [dim=11, p=0.5, q=2.0, t=0",0.6059440577104295,0.6176413558522038,7.64203998100129,7
"node2vec [dim=11, p=0.5, q=2.0, t=0 + topics",0.6573366148966656,0.6696149014203188,8.841880651001702,7
"node2vec [dim=11, p=1.0, q=0.5, t=0",0.5928537291330722,0.5901066439926073,6.892600039998797,7
"node2vec [dim=11, p=1.0, q=0.5, t=0 + topics",0.5971154094894647,0.5913026045913637,8.258352591998118,7
"node2vec [dim=11, p=1.0, q=1.0, t=0",0.5983982660514192,0.6182358411436163,7.741914212001575,7
"node2vec [dim=11, p=1.0, q=1.0, t=0 + topics",0.5773877495257955,0.5931348775077618,8.428647179000109,7
"node2vec [dim=11, p=1.0, q=2.0, t=0",0.5763563336209921,0.5978512464556889,7.332223682002223,7
"node2vec [dim=11, p=1.0, q=2.0, t=0 + topics",0.6083775400914935,0.6043338149354691,8.711791436002386,7
"node2vec [dim=11, p=2.0, q=0.5, t=0",0.6073037475175844,0.6136858336880447,6.97131336700113,7
"node2vec [dim=11, p=2.0, q=0.5, t=0 + topics",0.6039346239561703,0.5928450166173451,8.13653889499983,7
"node2vec [dim=11, p=2.0, q=1.0, t=0",0.6157537071213701,0.6146528143129917,8.12437943599798,7
"node2vec [dim=11, p=2.0, q=1.0, t=0 + topics",0.621573980078443,0.6231113491087499,8.72026771200035,7
"node2vec [dim=11, p=2.0, q=2.0, t=0",0.6142564499304206,0.6139816778045037,7.745175101998029,7
"node2vec [dim=11, p=2.0, q=2.0, t=0 + topics",0.6068155412466706,0.6371019942832551,8.820250982997095,7
"node2vec [dim=128, p=0.5, q=0.5, t=0",0.6656865477246106,0.6903915307902548,10.140748480000184,7
"node2vec [dim=128, p=0.5, q=0.5, t=0 + topics",0.6156357687948266,0.6133164651376011,14.182027294002182,7
"node2vec [dim=128, p=0.5, q=1.0, t=0",0.6322743537019982,0.6543306508761435,11.794300409001153,7
"node2vec [dim=128, p=0.5, q=1.0, t=0 + topics",0.6444936417850045,0.6413679803538814,13.604337682998448,7
"node2vec [dim=128, p=0.5, q=2.0, t=0",0.6625928725123831,0.6836175831435555,10.931120925000869,7
"node2vec [dim=128, p=0.5, q=2.0, t=0 + topics",0.6493517687244923,0.6523473172638861,14.811437575997843,7
"node2vec [dim=128, p=1.0, q=0.5, t=0",0.6594401634067375,0.6390581042459982,10.507327646999329,7
"node2vec [dim=128, p=1.0, q=0.5, t=0 + topics",0.6783782623073125,0.6813765514282802,11.347659334998752,7
"node2vec [dim=128, p=1.0, q=1.0, t=0",0.6227609957473502,0.6279432193977109,11.71173931299927,7
"node2vec [dim=128, p=1.0, q=1.0, t=0 + topics",0.6309595003095079,0.6445079870645499,14.043747465999331,7
"node2vec [dim=128, p=1.0, q=2.0, t=0",0.6186319373915756,0.6438443269323515,9.964109943997755,7
"node2vec [dim=128, p=1.0, q=2.0, t=0 + topics",0.637726614200687,0.6585334705008175,14.16175391700017,7
"node2vec [dim=128, p=2.0, q=0.5, t=0",0.5796130655101761,0.5910947314296696,8.398096742999769,7
"node2vec [dim=128, p=2.0, q=0.5, t=0 + topics",0.6896570616412352,0.697185297562309,13.675081368000974,7
"node2vec [dim=128, p=2.0, q=1.0, t=0",0.6273020600458241,0.6506243297981895,8.83093942999767,7
"node2vec [dim=128, p=2.0, q=1.0, t=0 + topics",0.6483511499848468,0.6657386783865012,14.74741157599783,7
"node2vec [dim=128, p=2.0, q=2.0, t=0",0.6498801997467596,0.6476692711082985,14.069114787998842,7
"node2vec [dim=128, p=2.0, q=2.0, t=0 + topics",0.6327890159029254,0.6454670716154515,14.071095479001087,7
Our model,0.8306660494997241,0.79548067442858,7.270083933999558,7
Barbera model,0.8187328945553857,0.7961868235891412,6.374721400999988,7
Original information,0.8176232529880125,0.7943469195352421,9.300827533999836,7
Original inf. + Topics,0.8185392938800656,0.7935296317559767,10.027623316000245,7
"node2vec [dim=11, p=0.5, q=0.5, t=0",0.6329854817168644,0.6523818345239083,7.128783991000091,8
"node2vec [dim=11, p=0.5, q=0.5, t=0 + topics",0.6683005139632012,0.6725568392013341,8.375077713000792,8
"node2vec [dim=11, p=0.5, q=1.0, t=0",0.6670147010175373,0.67359787850848,7.202981483998883,8
"node2vec [dim=11, p=0.5, q=1.0, t=0 + topics",0.6715396267232,0.6664556838134824,8.735536658998171,8
"node2vec [dim=11, p=0.5, q=2.0, t=0",0.6208151552370644,0.6157187118591727,7.413967308999418,8
"node2vec [dim=11, p=0.5, q=2.0, t=0 + topics",0.6495050528157125,0.6594073968704584,8.748712386997795,8
"node2vec [dim=11, p=1.0, q=0.5, t=0",0.588140288831625,0.5857093648297629,6.97404984899913,8
"node2vec [dim=11, p=1.0, q=0.5, t=0 + topics",0.6277487473207587,0.6241096066626916,8.01816288900227,8
"node2vec [dim=11, p=1.0, q=1.0, t=0",0.611287662869601,0.6279749543011275,7.284038330999465,8
"node2vec [dim=11, p=1.0, q=1.0, t=0 + topics",0.6242666501825493,0.6275835396827191,8.657378529998823,8
"node2vec [dim=11, p=1.0, q=2.0, t=0",0.6162276197205384,0.635371047207363,7.36934782499884,8
"node2vec [dim=11, p=1.0, q=2.0, t=0 + topics",0.6183104281774306,0.6193571582560422,9.19739299000139,8
"node2vec [dim=11, p=2.0, q=0.5, t=0",0.6391127989898535,0.6239646309338381,7.46509364299709,8
"node2vec [dim=11, p=2.0, q=0.5, t=0 + topics",0.6255655658831659,0.6076530079703643,8.231690014999913,8
"node2vec [dim=11, p=2.0, q=1.0, t=0",0.5818881534870275,0.5699079940795881,7.965838480999082,8
"node2vec [dim=11, p=2.0, q=1.0, t=0 + topics",0.6034950561498588,0.6060620688304356,8.40500632900148,8
"node2vec [dim=11, p=2.0, q=2.0, t=0",0.6114902070771846,0.6093211669671597,7.196664241997496,8
"node2vec [dim=11, p=2.0, q=2.0, t=0 + topics",0.6242302895283434,0.6217743488092073,9.20050128299772,8
"node2vec [dim=128, p=0.5, q=0.5, t=0",0.6337759360348586,0.6329631070955279,9.374317576999601,8
"node2vec [dim=128, p=0.5, q=0.5, t=0 + topics",0.6712612070019259,0.6729656333707486,13.522713598002156,8
"node2vec [dim=128, p=0.5, q=1.0, t=0",0.6722088972891362,0.7029323727371362,10.899128584002028,8
"node2vec [dim=128, p=0.5, q=1.0, t=0 + topics",0.6498341900628195,0.6892437169600241,14.88265750100254,8
"node2vec [dim=128, p=0.5, q=2.0, t=0",0.6586230426264889,0.6837898873284913,12.974662784999964,8
"node2vec [dim=128, p=0.5, q=2.0, t=0 + topics",0.6422144215712444,0.6587002616231724,15.005326015001629,8
"node2vec [dim=128, p=1.0, q=0.5, t=0",0.6472813933803078,0.6554713607611796,8.494192523998208,8
"node2vec [dim=128, p=1.0, q=0.5, t=0 + topics",0.6464021295611118,0.6530511487664342,14.192889483001636,8
"node2vec [dim=128, p=1.0, q=1.0, t=0",0.6478642753848869,0.6441698435072515,11.351881074999255,8
"node2vec [dim=128, p=1.0, q=1.0, t=0 + topics",0.6417145440498502,0.6332913387706164,14.342405408999184,8
"node2vec [dim=128, p=1.0, q=2.0, t=0",0.6465308787501842,0.6676017645777322,11.512397983999108,8
"node2vec [dim=128, p=1.0, q=2.0, t=0 + topics",0.6411473457781591,0.6363955195439523,14.804463610998937,8
"node2vec [dim=128, p=2.0, q=0.5, t=0",0.6319012614795905,0.6040856551809695,9.278110162998928,8
"node2vec [dim=128, p=2.0, q=0.5, t=0 + topics",0.6371390608564452,0.6203430834431831,13.42468745399674,8
"node2vec [dim=128, p=2.0, q=1.0, t=0",0.6447556489546905,0.6626624991274066,9.805384298997524,8
"node2vec [dim=128, p=2.0, q=1.0, t=0 + topics",0.6068581256855595,0.6418191744506603,13.658778155997425,8
"node2vec [dim=128, p=2.0, q=2.0, t=0",0.640392137667303,0.6486184549771521,12.085540711999784,8
"node2vec [dim=128, p=2.0, q=2.0, t=0 + topics",0.6154471546891871,0.6246521802844904,14.22685811699921,8
Our model,0.8291110736046489,0.7937295047002113,7.189142735998757,8
Barbera model,0.8236675001605619,0.8069776212361808,6.295703529998718,8
Original information,0.8230285990046725,0.799546485258355,10.129092773000593,8
Original inf. + Topics,0.8233901628787377,0.7980436102251551,10.107203317998938,8
"node2vec [dim=11, p=0.5, q=0.5, t=0",0.649982561122108,0.6484858486944444,7.18770526300068,9
"node2vec [dim=11, p=0.5, q=0.5, t=0 + topics",0.6652363933809057,0.6451971730696499,8.617619425996963,9
"node2vec [dim=11, p=0.5, q=1.0, t=0",0.6770558841145553,0.6854815633422178,7.4110575779996,9
"node2vec [dim=11, p=0.5, q=1.0, t=0 + topics",0.6592203846811999,0.670437053076422,9.467307225000695,9
"node2vec [dim=11, p=0.5, q=2.0, t=0",0.6496201724428047,0.6501030593938217,7.295943403001729,9
"node2vec [dim=11, p=0.5, q=2.0, t=0 + topics",0.6346949031461722,0.6146975801076628,8.707190101999004,9
"node2vec [dim=11, p=1.0, q=0.5, t=0",0.6389302294508175,0.6499865160830641,7.25736801200037,9
"node2vec [dim=11, p=1.0, q=0.5, t=0 + topics",0.6253912261284555,0.5733506054976035,8.285088977998385,9
"node2vec [dim=11, p=1.0, q=1.0, t=0",0.5688126442206791,0.5998806356653317,6.83166296499985,9
"node2vec [dim=11, p=1.0, q=1.0, t=0 + topics",0.6153741004846689,0.6273933667539411,9.095538204001059,9
"node2vec [dim=11, p=1.0, q=2.0, t=0",0.5808366197653573,0.5698643873877745,7.110983930997463,9
"node2vec [dim=11, p=1.0, q=2.0, t=0 + topics",0.6284727245904881,0.6049034443832744,8.418010045999836,9
"node2vec [dim=11, p=2.0, q=0.5, t=0",0.6363393554521783,0.600757911932872,5.681488526999601,9
"node2vec [dim=11, p=2.0, q=0.5, t=0 + topics",0.6620819297978773,0.6522527962125576,8.238198098999419,9
"node2vec [dim=11, p=2.0, q=1.0, t=0",0.5974003738719486,0.5862045856794922,7.383396260000154,9
"node2vec [dim=11, p=2.0, q=1.0, t=0 + topics",0.6174887516562922,0.6104857799637866,8.382630487001734,9
"node2vec [dim=11, p=2.0, q=2.0, t=0",0.6129238638443264,0.638228669159528,6.911223596998752,9
"node2vec [dim=11, p=2.0, q=2.0, t=0 + topics",0.5811431226064263,0.5861697258214111,8.954758646999835,9
"node2vec [dim=128, p=0.5, q=0.5, t=0",0.6829247857154788,0.6914458497593283,11.22702033999667,9
"node2vec [dim=128, p=0.5, q=0.5, t=0 + topics",0.6606813988928155,0.6693702251373597,13.781720669001515,9
"node2vec [dim=128, p=0.5, q=1.0, t=0",0.6419068212343242,0.6555915456117446,11.101403261000087,9
"node2vec [dim=128, p=0.5, q=1.0, t=0 + topics",0.660866634962858,0.6675935876904462,14.18382255799952,9
"node2vec [dim=128, p=0.5, q=2.0, t=0",0.6363794577388646,0.6581307352406888,13.423339265998948,9
"node2vec [dim=128, p=0.5, q=2.0, t=0 + topics",0.6370470356968599,0.6611218602726613,14.431135483999242,9
"node2vec [dim=128, p=1.0, q=0.5, t=0",0.6611888173403548,0.6411228567034594,8.385310767996998,9
"node2vec [dim=128, p=1.0, q=0.5, t=0 + topics",0.6448348795626753,0.6499433703365267,13.83606729100211,9
"node2vec [dim=128, p=1.0, q=1.0, t=0",0.6456227108872389,0.6803338918669969,9.802189173002262,9
"node2vec [dim=128, p=1.0, q=1.0, t=0 + topics",0.6322483664722536,0.6436249961709509,13.872924642000726,9
"node2vec [dim=128, p=1.0, q=2.0, t=0",0.6516497273585384,0.6718191128930805,11.376292337998166,9
"node2vec [dim=128, p=1.0, q=2.0, t=0 + topics",0.64329270383858,0.6516999442654557,14.886038853997889,9
"node2vec [dim=128, p=2.0, q=0.5, t=0",0.6446723336481722,0.6339737112108602,10.893896307999967,9
"node2vec [dim=128, p=2.0, q=0.5, t=0 + topics",0.6177223042356681,0.6094820546243983,14.498017547000927,9
"node2vec [dim=128, p=2.0, q=1.0, t=0",0.6212570797891667,0.6098251065616221,8.72195548200034,9
"node2vec [dim=128, p=2.0, q=1.0, t=0 + topics",0.6457409760790781,0.6688120277117257,15.405126622001262,9
"node2vec [dim=128, p=2.0, q=2.0, t=0",0.5980965143819924,0.6219585787976498,12.91421151800023,9
"node2vec [dim=128, p=2.0, q=2.0, t=0 + topics",0.6418443140907144,0.6376094969525492,14.457399364000594,9
Our model,0.8383830385931165,0.7991136555735386,7.205844325002545,9
Barbera model,0.8367694431155275,0.8064942137642861,6.324287871000706,9
Original information,0.8356622467372983,0.8045857072408866,10.026192944998911,9
Original inf. + Topics,0.8359404574656317,0.800511928058873,9.838761933002388,9
